Key,ar,en,es,fr,de,fa,ha,hi,it,pt,ru,vi,zh-CN
about_us,معلومات عنا,About US,Sobre nosotros,À propos de nous,Über uns,درباره ما,Game da mu,हमारे बारे में,Chi siamo,Sobre nós,О нас,Về chúng tôi,关于我们
add_another_photo,أضف صورة أخرى,Add another photo,Agrega otra foto,Ajouter une autre photo,Fügen Sie ein weiteres Foto hinzu,عکس دیگری اضافه کنید,Kara wani hoto,एक और फोटो जोड़ें,Aggiungi un'altra foto,Adicione outra foto,Добавьте еще одну фотографию,Thêm một bức ảnh khác,添加另一张照片
additional_photo,صورة إضافية,Additional Photo,Foto adicional,Photo supplémentaire,Zusätzliches Foto,عکس اضافی,Photoarin hoto,अतिरिक्त फ़ोटो,Foto aggiuntiva,Foto adicional,Дополнительное фото,Ảnh bổ sung,其他照片
all_items,جميع العناصر,All Items,Todos los artículos,Tous les articles,Alle Gegenstände,همه موارد,Duk abubuwa,सभी वस्तुएं,Tutti gli articoli,Todos os itens,Все предметы,Tất cả các mặt hàng,所有项目
already_have_an_account,هل لديك بالفعل حساب؟,Already have an account?,¿Ya tienes una cuenta?,Vous avez déjà un compte?,Haben Sie bereits ein Konto?,در حال حاضر یک حساب کاربری دارید؟,Tuni kuna da lissafi?,क्या आपके पास पहले से एक खाता मौजूद है?,Hai già un account?,Já tem uma conta?,Уже есть аккаунт?,Đã có một tài khoản?,已经有一个帐户？
approved,موافقة,Approved,Aprobado,Approuvé,Genehmigt,تصویب شده,Yarda da,अनुमत,Approvato,Aprovado,Одобренный,Tán thành,得到正式认可的
archived,أرشفة,Archived,Archivado,Archivé,Archiviert,بایگانی شده,Harhaya,संग्रहीत,Archiviato,Arquivado,Архивированный,Lưu trữ,存档
brand,ماركة,Brand,Marca,Marque,Marke,مارک,Alama,ब्रांड,Marca,Marca,Бренд,Thương hiệu,品牌
brief_item_title,عنوان موجز يصف العنصر,Brief title describing the item,Breve título que describe el artículo,Bref titre décrivant l'article,"Kurzer Titel, der den Artikel beschreibt",عنوان مختصر توصیف مورد,Takaitaccen taken kwatanta abun,आइटम का वर्णन करने वाला संक्षिप्त शीर्षक,Breve titolo che descrive l'oggetto,Breve título descrevendo o item,"Краткое название, описывающее элемент",Tiêu đề ngắn gọn mô tả mục,描述该项目的简短标题
browse_through_the_list,تصفح من خلال قائمة العناصر المفقودة التي أبلغ عنها مجتمعنا. وجدت شيئا؟ ساعد في لم شملها مع مالكها.,Browse through the list of lost items reported by our community. Found something? Help reunite it with its owner.,Explore la lista de artículos perdidos reportados por nuestra comunidad. Encontrado algo? Ayuda a reunirlo con su dueño.,Parcourez la liste des articles perdus rapportés par notre communauté. Vous avez trouvé quelque chose? Aider à le réunir avec son propriétaire.,"Durchsuchen Sie die Liste der von unserer Community gemeldeten verlorenen Gegenstände. Etwas gefunden? Helfen Sie dabei, es mit seinem Besitzer wieder zu vereinen.",لیست موارد گمشده گزارش شده توسط جامعه ما را مرور کنید. چیزی پیدا کردید؟ کمک کنید تا آن را با مالک خود اتحاد کنید.,Yi bincike ta jerin abubuwan da aka rasa sun ruwaito ta hanyar jama'armu. Sami wani abu? Taimaka sake sake shi da mai shi.,हमारे समुदाय द्वारा रिपोर्ट की गई खोई हुई वस्तुओं की सूची के माध्यम से ब्राउज़ करें। कुछ मिला? इसके मालिक के साथ इसे फिर से जोड़ने में मदद करें।,Sfoglia l'elenco degli articoli persi segnalati dalla nostra comunità. Hai trovato qualcosa? Aiutaci a riunirlo con il suo proprietario.,Navegue pela lista de itens perdidos relatados por nossa comunidade. Encontrou alguma coisa? Ajude a reuni -lo com seu proprietário.,"Просмотрите список потерянных предметов, о которых сообщалось нашим сообществом. Что -то нашел? Помогите воссоединить его со своим владельцем.",Duyệt qua danh sách các mục bị mất được báo cáo bởi cộng đồng của chúng tôi. Tìm thấy một cái gì đó? Giúp tái hợp nó với chủ sở hữu của nó.,浏览我们社区报告的丢失项目列表。找到了什么？帮助与所有者团聚。
by_continuing_you_agree,من خلال الاستمرار ، أنت توافق على,"By continuing, you agree to our","Al continuar, usted acepta nuestro","En continuant, vous acceptez notre","Wenn Sie fortfahren, stimmen Sie unserem zu",با ادامه ، شما با ما موافقت می کنید,"Ta ci gaba, kun yarda da mu","जारी रखने से, आप हमारे लिए सहमत हैं","Continuando, accetti il ​​nostro","Ao continuar, você concorda com o nosso","Продолжая, вы соглашаетесь с нашим","Bằng cách tiếp tục, bạn đồng ý với",通过继续，您同意我们的
cancel,يلغي,Cancel,Cancelar,Annuler,Stornieren,لغو کردن,Warware,रद्द करना,Cancellare,Cancelar,Отмена,Hủy bỏ,取消
categories,فئات,Categories,Categorías,Catégories,Kategorien,دسته,Kungiyoyi,श्रेणियां,Categorie,Categorias,Категории,Thể loại,类别
choose_a_new_password,اختر كلمة مرور جديدة,Choose a new password,Elija una nueva contraseña,Choisissez un nouveau mot de passe,Wählen Sie ein neues Passwort,رمز عبور جدید را انتخاب کنید,Zabi sabon kalmar sirri,एक नया पासवर्ड चुनें,Scegli una nuova password,Escolha uma nova senha,Выберите новый пароль,Chọn một mật khẩu mới,选择一个新密码
choose_file,حدد الملف,Select File,Seleccionar archivo,Sélectionner le fichier,Datei auswählen,پرونده را انتخاب کنید,Zaɓi Fayil,फ़ाइल का चयन करें,Seleziona file,Selecione Arquivo,Выберите файл,Chọn Tệp,选择文件
claim_this_item,المطالبة بهذا العنصر,Claim This Item,Reclamar este artículo,Réclamer cet article,Fordern Sie diesen Artikel an,این مورد را ادعا کنید,Da'awar wannan abun,इस आइटम का दावा करें,Rivendicare questo articolo,Reivindicar este item,Претендуйте на этот пункт,Yêu cầu mục này,要求此项目
claimed,ادعى,Claimed,Reclamado,Réclamé,Behauptet,مدعی,Da'awar,दावा किया,Reclamato,Reivindicado,Заявлено,Tuyên bố,声称
claimed_items,العناصر المطالب بها,Claimed Items,Artículos reclamados,Articles revendiqués,Behauptete Gegenstände,موارد ادعا شده,Abubuwan da'awa,दावा किया गया आइटम,Articoli richiesti,Itens reivindicados,Заявленные предметы,Các mặt hàng được yêu cầu,声称的项目
claimed_items_description,عرض لم شمل العناصر بنجاح وقصص سعيدة.,View successfully reunited items and happy stories.,Ver con éxito los elementos reencuentadores e historias felices.,Voir avec succès les articles réunis et les histoires heureuses.,Sehen Sie sich erfolgreich wiedervereinigte Artikel und glückliche Geschichten an.,مشاهده موارد با موفقیت پیوست شده و داستانهای شاد.,Duba nasarar da aka saba da shi da labarun farin ciki.,सफलतापूर्वक आइटम और खुश कहानियों को फिर से देखें।,Visualizza oggetti riuniti con successo e storie felici.,Ver com sucesso itens e histórias felizes.,Посмотреть успешно воссоединенные предметы и счастливые истории.,Xem các mặt hàng thống nhất thành công và những câu chuyện hạnh phúc.,查看成功团聚的项目和快乐故事。
clear_search,بحث واضح,Clear search,Búsqueda clara,Recherche claire,Klare Suche,جستجوی روشن,Bayyana Bincike,स्पष्ट खोज,Ricerca chiara,Pesquisa clara,Чистый поиск,Tìm kiếm rõ ràng,清除搜索
click_anywhere_to_zoom_in,انقر في أي مكان للتكبير في,Click anywhere to zoom in,Haga clic en cualquier lugar para acercarse,Cliquez n'importe où pour zoomer,"Klicken Sie überall, um zu zoomen",برای بزرگنمایی در هر جایی کلیک کنید,Danna ko'ina don zuƙowa a ciki,ज़ूम इन करने के लिए कहीं भी क्लिक करें,Fare clic ovunque per ingrandire,Clique em qualquer lugar para aumentar o zoom,"Нажмите где угодно, чтобы увеличить",Nhấp vào bất cứ nơi nào để phóng to,单击任何地方放大
close,يغلق,Close,Cerca,Fermer,Schließen,نزدیک,Rufa,बंद करना,Vicino,Fechar,Закрывать,Đóng,关闭
close_panel,لوحة إغلاق,Close panel,Panel cerrado,Panneau fermé,Panel schließen,پنل نزدیک,Rufe Panel,बंद पैनल,Close Pannello,Painel Fechar,Закрытая панель,Đóng bảng điều khiển,关闭面板
color,لون,Color,Color,Couleur,Farbe,رنگ,Launi,रंग,Colore,Cor,Цвет,Màu sắc,颜色
confirm_password,تأكيد كلمة المرور,Confirm Password,confirmar Contraseña,Confirmez le mot de passe,Passwort bestätigen,تأیید رمز عبور,tabbata kalmar shiga,पासवर्ड की पुष्टि कीजिये,Conferma password,Confirme sua senha,Подтвердите пароль,Xác nhận mật khẩu,确认密码
confirm_your_password,قم بتأكيد كلمة المرور الخاصة بك,Confirm your password,Confirma tu contraseña,Confirmez votre mot de passe,Bestätigen Sie Ihr Passwort,رمز ورود خود را تأیید کنید,Tabbatar da kalmar sirri,अपने पासवर्ड की पुष्टि करें,Conferma la tua password,Confirme sua senha,Подтвердите свой пароль,Xác nhận mật khẩu của bạn,确认您的密码
connecting,ربط الناس بكنوزهم المفقودة,Connecting people to their Lost Treasures,Conectando a las personas con sus tesoros perdidos,Connecter les gens à leurs trésors perdus,Menschen mit ihren verlorenen Schätzen verbinden,اتصال مردم به گنجینه های گمشده خود,Haɗa mutane zuwa dukiyar da suka ɓace,लोगों को उनके खोए हुए खजाने से जोड़ना,Collegare le persone ai loro tesori perduti,Conectando pessoas a seus tesouros perdidos,Соединение людей с их потерянными сокровищами,Kết nối mọi người với kho báu đã mất của họ,将人们与失去的宝藏联系起来
contact_us,اتصل بنا,Contact US,Contáctenos,Contactez-nous,Kontaktieren Sie uns,با ما تماس بگیرید,Tuntube mu,हमसे संपर्क करें,Contattaci,Contate-nos,Связаться с нами,Liên hệ với chúng tôi,联系我们
copyright_text,حقوق الطبع والنشر ©: :year Lost & Found Hub. جميع الحقوق محفوظة.,Copyright © ::year Lost & Found Hub. All rights reserved.,Copyright ©: Año perdido y Hub Found. Reservados todos los derechos. :year,Copyright ©: année perdue et trouble Hub. Tous droits réservés. :year,Copyright ©: Jahr Lost & Found Hub. Alle Rechte vorbehalten. :year,کپی رایت ©: :year Lost & Found Hub. کلیه حقوق محفوظ است.,Hakkin mallaka ©: Shekarar da aka rasa & samun littafi. Dukkan hakkoki. :year,कॉपीराइट ©: वर्ष लॉस्ट एंड मिला हब। सर्वाधिकार सुरक्षित। :year,Copyright ©: Hub perduto e trovato anno. Tutti i diritti riservati. :year,Copyright ©: :year Lost & Found Hub. Todos os direitos reservados.,Copyright ©: Год потерянного и найденного концентратора. Все права защищены. :year,Bản quyền ©: Năm bị mất và tìm thấy trung tâm. Tất cả quyền được bảo lưu. :year,版权所有©：Lost＆dist Hub年。版权所有。 :year
create_a_new_account,إنشاء حساب جديد,Create a new account,Crear una nueva cuenta,Créer un nouveau compte,Erstellen Sie ein neues Konto,یک حساب جدید ایجاد کنید,Airƙiri sabon lissafi,एक नया खाता बनाएं,Crea un nuovo account,Crie uma nova conta,Создать новую учетную запись,Tạo một tài khoản mới,创建一个新帐户
create_account,إنشاء حساب,Create account,Crear una cuenta,Créer un compte,Benutzerkonto erstellen,ایجاد حساب,Kirkira ajiya,खाता बनाएं,Creare un account,Criar uma conta,Зарегистрироваться,Tạo tài khoản,创建账户
current_location,الموقع الحالي,Current location,Ubicación actual,Emplacement actuel,Aktueller Standort,مکان فعلی,Wurin yanzu,वर्तमान स्थान,Posizione corrente,Localização atual,Текущее местоположение,Vị trí hiện tại,当前位置
currently_no_lost_items,لا يوجد حاليا أي عناصر ضائعة تم الإبلاغ عنها.,There are currently no lost items reported.,Actualmente no se reportan artículos perdidos.,Aucun article perdu n'est signalé.,Derzeit werden keine verlorenen Gegenstände gemeldet.,در حال حاضر هیچ مورد از دست رفته گزارش نشده است.,A halin yanzu babu abubuwan da aka rasa.,वर्तमान में कोई खोई हुई वस्तुओं की सूचना नहीं है।,Al momento non ci sono articoli smarriti riportati.,"Atualmente, não há itens perdidos relatados.",В настоящее время не сообщается о потерянных предметах.,Hiện tại không có các mặt hàng bị mất được báo cáo.,目前没有报告丢失的物品。
date_lost,تاريخ فقدان,Date Lost,Fecha perdida,Date perdue,Datum verloren,تاریخ گمشده,Kwanan wata rasa,तिथि खो गई,Data persa,Data perdida,Дата потеряна,Ngày mất,丢失日期
delete,يمسح,Delete,Borrar,Supprimer,Löschen,حذف کردن,Share,मिटाना,Eliminare,Excluir,Удалить,Xóa bỏ,删除
describe_the_items,صف العنصر وأي تفاصيل ...,Describe the item and any details...,Describe el artículo y cualquier detalle ...,Décrivez l'article et tous les détails ...,Beschreiben Sie den Artikel und alle Details ...,مورد و هر جزئیات را شرح دهید ...,Bayyana abu da duk bayanan ...,आइटम और किसी भी विवरण का वर्णन करें ...,Descrivi l'oggetto e tutti i dettagli ...,Descreva o item e quaisquer detalhes ...,Опишите элемент и любые детали ...,Mô tả mục và bất kỳ chi tiết nào ...,描述项目和任何细节...
description,وصف,Description,Descripción,Description,Beschreibung,شرح,Siffantarwa,विवरण,Descrizione,Descrição,Описание,Sự miêu tả,描述
detailed_description,وصف مفصل,Detailed Description,Descripción detallada,Description détaillée,Detaillierte Beschreibung,شرح مفصل,Cikakken kwatancen,विस्तृत विवरण,Descrizione dettagliata,Descrição detalhada,Подробное описание,Mô tả chi tiết,详细说明
details,تفاصيل,Details,Detalles,Détails,Details,جزئیات,Ƙarin bayanai,विवरण,Dettagli,Detalhes,Подробности,Chi tiết,细节
dob,تاريخ الميلاد,Date of Birth,Fecha de nacimiento,Date de naissance,Geburtsdatum,تاریخ تولد,Ranar haifuwa,जन्म तिथि,Data di nascita,Data de nascimento,Дата рождения,Ngày sinh,出生日期
done,منتهي,Done,Hecho,Fait,Erledigt,انجام شده,Yi,हो गया,Fatto,Feito,Сделанный,Xong,完毕
dont_have_an_account,ليس لديك حساب؟,Don't have an account?,¿No tienes una cuenta?,Vous n'avez pas de compte?,Sie haben kein Konto?,حساب ندارید؟,Ba ku da asusu?,कोई खाता नहीं है?,Non hai un account?,Não tem uma conta?,У вас нет учетной записи?,Không có tài khoản?,没有帐户？
email_address,عنوان البريد الإلكتروني,Email Address,Dirección de correo electrónico,Adresse email,E-Mail-Adresse,آدرس ایمیل,Adireshin i-mel,मेल पता,Indirizzo e-mail,Endereço de email,Адрес электронной почты,Địa chỉ email,电子邮件
enter_brand_of_items,أدخل العلامة التجارية للعناصر,Enter brand of items,Ingrese la marca de artículos,Entrez la marque d'articles,Geben Sie eine Marke von Artikeln ein,مارک موارد را وارد کنید,Shigar da nau'ikan abubuwa,आइटम का ब्रांड दर्ज करें,Inserisci il marchio di articoli,Insira a marca de itens,Введите бренд предметов,Nhập thương hiệu các mặt hàng,输入物品品牌
enter_email_address,أدخل عنوان البريد الإلكتروني,Enter email address,Ingrese la dirección de correo electrónico,Entrez l'adresse e-mail,Geben Sie eine E -Mail -Adresse ein,آدرس ایمیل را وارد کنید,Shigar da adireshin Imel,ईमेल पता दर्ज करें,Inserisci l'indirizzo e -mail,Insira endereço de email,Введите адрес электронной почты,Nhập địa chỉ email,输入电子邮件地址
enter_founder_address,أدخل عنوان المؤسس,Enter founder address,Ingrese la dirección del fundador,Entrez l'adresse du fondateur,Geben Sie die Gründeradresse ein,آدرس بنیانگذار را وارد کنید,Shigar da adireshin da aka kirkira,संस्थापक पता दर्ज करें,Immettere l'indirizzo del fondatore,Insira o endereço do fundador,Введите адрес основателя,Nhập địa chỉ người sáng lập,输入创始人地址
enter_founder_email,أدخل البريد الإلكتروني للمؤسس,Enter founder email,Ingrese el correo electrónico del fundador,Entrez le courrier électronique du fondateur,Geben Sie die Gründer -E -Mail ein,ایمیل بنیانگذار را وارد کنید,Shigar da imel,संस्थापक ईमेल दर्ज करें,Inserisci l'e -mail del fondatore,Digite o email do fundador,Введите электронную почту основателя,Nhập email người sáng lập,输入创始人电子邮件
enter_founder_name,أدخل اسم المؤسس,Enter founder name,Ingrese el nombre del fundador,Entrez le nom du fondateur,Geben Sie den Gründernamen ein,نام بنیانگذار را وارد کنید,Shigar da sunan mai kafa,संस्थापक नाम दर्ज करें,Immettere il nome del fondatore,Digite o nome do fundador,Введите имя основателя,Nhập tên người sáng lập,输入创始人名称
enter_founder_phone,أدخل هاتف المؤسس,Enter founder phone,Ingrese el teléfono fundador,Entrez le téléphone fondateur,Geben Sie das Gründertelefon ein,وارد تلفن بنیانگذار شوید,Shigar da Intanet,संस्थापक फोन दर्ज करें,Immettere il telefono fondatore,Insira o telefone fundador,Введите телефон основателя,Nhập điện thoại người sáng lập,输入创始人电话
enter_full_name,أدخل الاسم الكامل,Enter full name,Ingrese el nombre completo,Entrez le nom complet,Geben Sie den vollständigen Namen ein,نام کامل را وارد کنید,Shigar da cikakken suna,पूरा नाम दर्ज करें,Immettere il nome completo,Digite o nome completo,Введите полное имя,Nhập tên đầy đủ,输入全名
enter_item_model,أدخل عناصر النموذج,Enter the model items,Ingrese los elementos modelo,Entrez les éléments du modèle,Geben Sie die Modellelemente ein,موارد مدل را وارد کنید,Shigar da abubuwan ƙira,मॉडल आइटम दर्ज करें,Immettere gli elementi del modello,Digite os itens do modelo,Введите элементы модели,Nhập các mục mô hình,输入模型项目
enter_message_subject,أدخل موضوع الرسالة,Enter message subject,Ingrese el asunto del mensaje,Entrez le sujet du message,Geben Sie den Betreff der Nachricht ein,موضوع پیام را وارد کنید,Shigar da batun sakon,संदेश विषय दर्ज करें,Immettere l'oggetto del messaggio,Digite o assunto da mensagem,Введите предмет сообщения,Nhập chủ đề tin nhắn,输入消息主题
enter_name_of_items_lost,أدخل اسم العنصر (s),Enter the name of item(s),Ingrese el nombre de los artículos (s),Entrez le nom de l'article (s),Geben Sie den Namen der Elemente ein (en),نام مورد (ها) را وارد کنید,Shigar da sunan abu (s),आइटम का नाम दर्ज करें (ओं),Immettere il nome degli elementi,Digite o nome do (s) item (s),Введите имя элемента (ы),Nhập tên của (các) mục,输入项目名称
enter_password,أدخل كلمة المرور,Enter password,Ingrese la contraseña,Entrez le mot de passe,Kennwort eingeben,رمز ورود را وارد کنید,Shigar da kalmar wucewa,पास वर्ड दर्ज करें,Immettere la password,Digite a senha,Введите пароль,Nhập mật khẩu,输入密码
enter_phone_number,أدخل رقم الهاتف,Enter phone number,Ingrese el número de teléfono,Entrez le numéro de téléphone,Telefonnummer eingeben,شماره تلفن را وارد کنید,Shigar da lambar waya,फ़ोन नंबर दर्ज करें,Immettere il numero di telefono,Insira o número de telefone,Введите номер телефона,Nhập số điện thoại,输入电话号码
enter_your_current_location,أدخل موقعك الحالي الكامل,Enter your current full location,Ingrese su ubicación completa actual,Entrez votre emplacement complet actuel,Geben Sie Ihren aktuellen vollständigen Standort ein,مکان کامل فعلی خود را وارد کنید,Shigar da cikakken wurin yanzu,अपना वर्तमान पूर्ण स्थान दर्ज करें,Inserisci la tua posizione completa attuale,Digite seu local completo atual,Введите свое текущее полное местоположение,Nhập vị trí đầy đủ hiện tại của bạn,输入您当前的完整位置
enter_your_email_and_password,أدخل بريدك الإلكتروني وكلمة المرور أدناه لتسجيل الدخول إلى لوحة معلومات حسابك.,Enter your email and password below to login to your account dashboard.,Ingrese su correo electrónico y contraseña a continuación para iniciar sesión en el tablero de su cuenta.,Entrez votre e-mail et votre mot de passe ci-dessous pour vous connecter au tableau de bord de votre compte.,"Geben Sie unten Ihre E -Mail und Ihr Passwort ein, um sich bei Ihrem Konto -Dashboard anzumelden.",ایمیل و رمز ورود خود را در زیر وارد کنید تا به داشبورد حساب خود وارد شوید.,Shigar da imel da kalmar sirri da ke ƙasa don shiga zuwa Dandalin asusunka.,अपने खाता डैशबोर्ड में लॉगिन करने के लिए नीचे अपना ईमेल और पासवर्ड दर्ज करें।,Inserisci la tua e -mail e la password di seguito per accedere alla dashboard del tuo account.,Digite seu email e senha abaixo para fazer login no painel da sua conta.,"Введите свою электронную почту и пароль ниже, чтобы войти в панель инструментов вашей учетной записи.",Nhập email và mật khẩu của bạn bên dưới để đăng nhập vào bảng điều khiển tài khoản của bạn.,在下面输入您的电子邮件和密码以登录您的帐户仪表板。
enter_your_password,أدخل كلمة المرور الخاصة بك,Enter your password,Ingrese su contraseña,Entrez votre mot de passe,Geben Sie Ihr Passwort ein,رمز ورود خود را وارد کنید,Shigar da kalmar wucewa,अपना कूटशब्द भरें,Inserisci la tua password,Digite sua senha,Введите свой пароль,Nhập mật khẩu của bạn,输入您的密码
fill_the_form_below,املأ النموذج أدناه ، سنعود إليك.,"Fill the form below, We'll get back to you.","Llena el formulario a continuación, nos pondremos en contacto con usted.","Remplissez le formulaire ci-dessous, nous vous répondrons.","Füllen Sie das folgende Formular aus, wir werden uns bei Ihnen melden.",فرم زیر را پر کنید ، ما به شما باز می گردیم.,"Cika fam ɗin da ke ƙasa, za mu dawo wurinku.","नीचे दिए गए फ़ॉर्म को भरें, हम आपके पास वापस आ जाएंगे।","Compila il modulo sottostante, ti ricontatteremo.","Preencha o formulário abaixo, voltaremos para você.","Заполните форму ниже, мы вернемся к вам.","Điền vào biểu mẫu bên dưới, chúng tôi sẽ liên hệ lại với bạn.",填写下面的表格，我们将与您联系。
forgot_password,هل نسيت كلمة السر؟,Forgot password?,¿Has olvidado tu contraseña?,Mot de passe oublié?,Passwort vergessen?,رمز ورود را فراموش کرده اید؟,Manta da kalmar sirri?,पासवर्ड भूल गए?,Ha dimenticato la password?,Esqueceu sua senha?,Забыли пароль?,Quên mật khẩu?,忘记密码？
found_date,تم العثور على موعد,Found Date,Fecha encontrada,Date trouvée,Datum gefunden,تاریخ یافت شده,An samo kwanan wata,पाया तारीख,Data trovata,Data encontrada,Найдено дату,Ngày tìm thấy,找到日期
found_location,وجدت الموقع,Found Location,Ubicación encontrada,Emplacement trouvé,Standort gefunden,مکان پیدا شده,An samo wuri,स्थान मिला,Posizione trovata,Localização encontrada,Найдено местоположение,Tìm thấy vị trí,找到位置
founder_address,عنوان المؤسس,Founder Address,Dirección del fundador,Adresse du fondateur,Gründeradresse,آدرس بنیانگذار,Adireshin da ya kirkira,संस्थापक पता,Indirizzo del fondatore,Endereço do fundador,Адрес основателя,Địa chỉ người sáng lập,创始人地址
founder_email,البريد الإلكتروني للمؤسس,Founder Email,Correo electrónico del fundador,Email du fondateur,Gründer -E -Mail,ایمیل بنیانگذار,Imel mai kafa,संस्थापक ईमेल,Email del fondatore,Email do fundador,Электронная почта основателя,Email người sáng lập,创始人电子邮件
founder_information,معلومات المؤسس,Founder Information,Información del fundador,Informations sur le fondateur,Gründerinformationen,اطلاعات بنیانگذار,Bayanai,संस्थापक सूचना,Informazioni sul fondatore,Informações do fundador,Информация основателя,Thông tin người sáng lập,创始人信息
founder_name,اسم المؤسس,Founder Name,Nombre del fundador,Nom du fondateur,Gründername,نام بنیانگذار,Sunan mai kafa,संस्थापक नाम,Nome del fondatore,Nome do fundador,Имя основателя,Tên người sáng lập,创始人名称
founder_phone,هاتف المؤسس,Founder Phone,Teléfono fundador,Téléphone fondateur,Gründertelefon,تلفن بنیانگذار,Wayar da aka kirkira,संस्थापक फोन,Telefono fondatore,Telefone fundador,Основатель телефон,Điện thoại sáng lập,创始人电话
headquarters,المقر الرئيسي,Headquarters,Sede,Quartier général,Hauptsitz,دفتر مرکزی,Hedkwata,मुख्यालय,Quartier generale,Sede,Штаб -квартира,Trụ sở chính,总部
helping,مساعدتك في العثور على ما يهم,Helping You Find What Matters,Ayudándote a encontrar lo que importa,Vous aider à trouver ce qui compte,"Helfen Sie, Ihnen zu finden, worauf es ankommt",کمک به شما برای یافتن آنچه مهم است,Taimaka muku samun abin da ya faru,आपको यह पता लगाने में मदद करना कि क्या मायने रखता है,Aiutarti a trovare ciò che conta,Ajudando você a encontrar o que importa,"Помогая вам найти то, что имеет значение",Giúp bạn tìm thấy những gì quan trọng,帮助您找到重要的东西
home,بيت,Home,Hogar,Maison,Heim,خانه,Gida,घर,Casa,Lar,Дом,Trang chủ,家
image_upload,تحميل الصورة,Image Upload,Carga de imágenes,Téléchargement d'image,Bild -Upload,بارگذاری تصویر,Hoto Sama,छवि अपलोड,Caricamento dell'immagine,Upload de imagem,Загрузка изображения,Hình ảnh tải lên,图像上传
item_added_for_further_processing,: يتم إضافة البند إلى قائمة المطالبة! ستتلقى رسالة لمزيد من المعالجة :item,::item is added to claim list! You will receive a message for further processing,: ¡El elemento se agrega a la lista de reclamos! Recibirá un mensaje para su posterior procesamiento :item,: L'article est ajouté à la liste des réclamations! Vous recevrez un message pour un tra:itement ultérieur,: Artikel wird zur Anspruchsliste hinzugefügt! Sie erhalten eine Nachricht zur weiteren Bearbeitung :item,: مورد برای لیست ادعا اضافه شده است! برای پردازش بیشتر پیامی دریافت خواهید کرد :item,: An ƙara abun da za'a lissafa! Zaka karɓi saƙo don ƙarin aiki :item,: आइटम को दावा सूची में जोड़ा गया है! आपको आगे की प्रक्रिया के लिए एक संदेश प्राप्त होगा :item,: L'elemento viene aggiunto all'elenco dei reclami! Riceverai un messaggio per ulteriori elaborazioni :item,: O :item é adicionado à lista de reivindicações! Você receberá uma mensagem para processamento adicional,: Пункт добавлен в список претензий! Вы получите сообщение для дальнейшей обработки :item,: Mục được thêm vào danh sách yêu cầu! Bạn sẽ nhận được một tin nhắn để xử lý thêm :item,：将项目添加到索赔列表中！您将收到一条消息以进行进一步处理 :item
item_added_to_claim_list,تم إضافة البند إلى قائمة المطالبة,Item added to claim list,Artículo agregado a la lista de reclamos,Article ajouté à la liste des réclamations,Artikel zur Anspruchsliste hinzugefügt,مورد اضافه شده به لیست ادعا,Abu ya kara wa jerin da'awa,दावा सूची में जोड़ा गया आइटम,Articolo aggiunto all'elenco dei reclami,Item adicionado à lista de reivindicações,Товар добавлен в список претензий,Mục được thêm vào danh sách yêu cầu,添加到索赔列表中的项目
item_brand,العلامة التجارية العناصر,Items' brand,Marca de artículos,Marque d'articles,Artikelnmarke,برند اقلام,Abubuwan 'Brand,आइटम 'ब्रांड,Marchio di articoli,Marca de itens,Бренд предметов,Thương hiệu của các mặt hàng,物品的品牌
item_category,فئة العنصر,Item Category,Categoría de artículos,Catégorie d'articles,Elementkategorie,دسته مورد,Sashe na abu,आइटम श्रेणी,Categoria degli articoli,Categoria de item,Предмет категория,Danh mục mục,项目类别
item_color,العناصر الألوان,Items colors,Artículos de colores,Articles Couleurs,Artikel Farben,رنگ,Abubuwan launuka,आइटम रंग,Colori degli oggetti,Cores dos itens,Предметы цвета,Vật phẩm màu sắc,项目颜色
item_model,نموذج العناصر,Items model,Modelo de elementos,Modèle d'articles,Elemente Modell,مدل موارد,Abubuwan samfuri,आइटम मॉडल,Modello di articoli,Modelo de itens,Элементы модели,Mô hình vật phẩm,项目型号
item_photos,صور البند,Item Photos,Fotos de artículos,Photos d'article,Artikelfotos,عکسهای موردی,Hoto,आइटम तस्वीरें,Foto dei articoli,Fotos do item,Элемент Фотографии,Vật phẩm ảnh,项目照片
item_title,عنوان البند,Item Title,Título de artículo,Titre de l'article,Artikeltitel,عنوان مورد,Taken abu,मद शीर्षक,Titolo dell'articolo,Título do item,Название предмета,Tiêu đề mục,项目标题
items_claimed_by_users,العناصر التي يطالب بها المستخدمون,Items claimed by users,Elementos reclamados por los usuarios,Articles revendiqués par les utilisateurs,Von den Benutzern beanspruchte Elemente,مواردی که توسط کاربران ادعا شده است,Abubuwan da masu amfani suka yi da'awa,उपयोगकर्ताओं द्वारा दावा किया गया आइटम,Articoli rivendicati dagli utenti,Itens reivindicados pelos usuários,"Элементы, заявленные пользователями",Các mặt hàng được người dùng tuyên bố,用户要求的项目
items_lost,العناصر (s) فقدت,Item(s) Lost,Artículo (s) perdido,Article (s) perdu,Gegenstand (s) verloren,مورد (ها) گمشده,Abu (s) ya ɓace,आइटम खो गया,Articoli persi,Item Lost,Предмет (ы) потерян,Mục bị mất,项目丢失
items_verified,العناصر التي تم التحقق منها بواسطة المسؤول,Items verified by admin,Elementos verificados por administrador,Articles vérifiés par admin,Von admin verifizierte Elemente,مواردی که توسط مدیر تأیید شده است,Abubuwan da aka tabbatar da su ta hanyar admin,व्यवस्थापक द्वारा सत्यापित आइटम,Articoli verificati da amministratore,Itens verificados por administrador,Пункты проверены администратором,Các mục được xác minh bởi quản trị viên,管理员验证的项目
items_waiting_review,العناصر في انتظار المراجعة,Items awaiting review,Artículos en espera de revisión,Articles en attente de révision,Elemente warten auf Bewertung,مواردی که منتظر بررسی هستند,Abubuwan suna jiran bita,समीक्षा समीक्षा की प्रतीक्षा,Articoli in attesa di recensione,Itens aguardando revisão,"Предметы, ожидающие обзора",Các mục đang chờ xem xét,等待评论的项目
join_the_community,انضم إلى المجتمع لعرض المزيد من العناصر المفقودة أو المطالبة بك مجانًا. يرجى ملء التفاصيل الخاصة بك أدناه للبدء.,Join the community to showcase more lost items or claim yours for free. Please fill in your details below to begin.,Únase a la comunidad para mostrar más artículos perdidos o reclamar los suyos de forma gratuita. Complete sus datos a continuación para comenzar.,Rejoignez la communauté pour présenter plus d'articles perdus ou réclamer les vôtres gratuitement. Veuillez remplir vos coordonnées ci-dessous pour commencer.,"Treten Sie der Community bei, um mehr verlorene Artikel zu präsentieren oder Ihre kostenlos zu beanspruchen. Bitte geben Sie Ihre Details unten aus, um zu beginnen.",به جامعه بپیوندید تا موارد گمشده بیشتری را به نمایش بگذارید یا به صورت رایگان ادعای خود را داشته باشید. لطفاً برای شروع اطلاعات خود را در زیر پر کنید.,Kasance tare da Al'umma don nuna abubuwan da suka ɓace ko kuma suna da'awarku don kyauta. Da fatan za a cika bayaninku da ke ƙasa don farawa.,अधिक खोई हुई वस्तुओं का प्रदर्शन करने या मुफ्त में अपना दावा करने के लिए समुदाय में शामिल हों। कृपया शुरू करने के लिए नीचे अपना विवरण भरें।,Unisciti alla comunità per mostrare più oggetti smarriti o rivendicare i tuoi gratuitamente. Si prega di compilare i dettagli di seguito per iniziare.,"Junte -se à comunidade para mostrar mais itens perdidos ou reivindicar o seu gratuitamente. Por favor, preencha seus dados abaixo para começar.","Присоединяйтесь к сообществу, чтобы продемонстрировать больше потерянных предметов или претендовать на ваши бесплатно. Пожалуйста, заполните свои данные ниже, чтобы начать.",Tham gia cộng đồng để giới thiệu thêm các mặt hàng bị mất hoặc yêu cầu của bạn miễn phí. Vui lòng điền thông tin của bạn dưới đây để bắt đầu.,加入社区，展示更多丢失的物品或免费要求您的物品。请在下面填写您的详细信息以开始。
language,لغة,Language,Idioma,Langue,Sprache,زبان,Harshe,भाषा,Lingua,Linguagem,Язык,Ngôn ngữ,语言
lets_join_hands,دعنا نضمّن معًا في مساعدة المجتمع على حل مشكلتنا الأكثر شيوعًا. انشر العنصر الخاص بك للمساعدة في إعادته إلى المالك الشرعي.,Lets join hands together in helping the community solve our most common problem. Post your item to help get it back to it's rightful owner.,Vamos a unir las manos para ayudar a la comunidad a resolver nuestro problema más común. Publique su artículo para ayudarlo a volver a su legítimo propietario.,Permet de nous joindre aux mains pour aider la communauté à résoudre notre problème le plus courant. Publiez votre article pour le récupérer à son propriétaire légitime.,"Lassen Sie uns zusammen mithilfe der Community zusammenarbeiten, um unser häufiges Problem zu lösen. Veröffentlichen Sie Ihren Artikel, um ihn wieder an den rechtmäßigen Besitzer zu bringen.",بیایید برای کمک به جامعه در حل رایج ترین مشکل ما به هم بپیوندیم. مورد خود را ارسال کنید تا به آن کمک کنید تا آن را به صاحب حق خود برگردانید.,Bari mu hada hannu tare a kan taimakon al'umma ta magance matsalarmu ta yau da kullun. Sanya kayanku don taimakawa ya dawo da shi don mai gaskiya ne.,समुदाय को हमारी सबसे आम समस्या को हल करने में मदद करने में एक साथ हाथ मिलाते हैं। अपने आइटम को पोस्ट करने में मदद करने के लिए इसे वापस पाने में मदद करें।,Unisciti a unire le mani nell'aiutare la comunità a risolvere il nostro problema più comune. Pubblica il tuo articolo per aiutarlo a riportarlo al legittimo proprietario.,Vamos unir as mãos para ajudar a comunidade a resolver nosso problema mais comum. Publique seu item para ajudar a recuperá -lo ao seu legítimo proprietário.,"Давайте объединим руки, помогая сообществу решить нашу наиболее распространенную проблему. Разместите свой товар, чтобы помочь вернуть его до законного владельца.",Hãy chung tay với nhau trong việc giúp cộng đồng giải quyết vấn đề phổ biến nhất của chúng tôi. Đăng mục của bạn để giúp lấy lại cho chủ sở hữu chính đáng.,让我们共同帮助社区解决我们最常见的问题。发布您的物品，以帮助将其恢复到应有的所有者。
login,تسجيل الدخول,Login,Acceso,Se connecter,Login,ورود,Shiga,लॉग इन करें,Login,Conecte-se,Авторизоваться,Đăng nhập,登录
login_here,تسجيل الدخول هنا,Login here,Iniciar sesión aquí,Connectez-vous ici,Melden Sie sich hier an,ورود به اینجا,Shiga Anan,यहां लॉगिन करें,Accedi qui,Faça login aqui,Войдите здесь,Đăng nhập ở đây,在这里登录
login_to_claim_item,تسجيل الدخول للمطالبة,Login to claim Item,Iniciar sesión para reclamar el elemento,Connectez-vous pour réclamer l'article,"Melden Sie sich an, um Artikel zu beanspruchen",برای ادعای مورد وارد شوید,Shiga don da'awar abu,दावा करने के लिए लॉगिन करें,Accedi per richiedere l'articolo,Faça login para reivindicar o item,"Войти, чтобы претендовать на пункт",Đăng nhập vào mục yêu cầu,登录索赔项目
lost_and_found,فقدت ووجدت,Lost & Found,Perdido y encontrado,Perdu et trouvé,Verloren und gefunden,گمشده و پیدا شده,Lost & samu,खोया पाया,Perso e trovato,Perdido e encontrado,Потерянный и найден,Mất và tìm thấy,迷失并发现
lost_items,العناصر المفقودة,Lost Items,Artículos perdidos,Articles perdus,Verlorene Gegenstände,موارد از دست رفته,Abubuwan da aka rasa,खोई हुई वस्तुएं,Oggetti persi,Itens perdidos,Потерянные предметы,Các mặt hàng bị mất,丢失的物品
lost_items_description,تصفح العناصر التي تم الإبلاغ عنها على أنها ضائعة في مجتمعنا.,Browse items that have been reported as lost in our community.,Explore los elementos que se han informado como perdidos en nuestra comunidad.,Parcourez les articles qui ont été signalés comme perdus dans notre communauté.,"Stöbern Sie in unserer Gemeinde, die als verloren gemeldet wurden.",مواردی را که در جامعه ما گم شده است ، مرور کنید.,Binciko abubuwan da aka ruwaito kamar yadda suka ɓace a cikin jama'armu.,हमारे समुदाय में खोए गए आइटमों को ब्राउज़ करें।,Sfoglia gli articoli che sono stati segnalati come persi nella nostra comunità.,Navegue itens que foram relatados como perdidos em nossa comunidade.,"Просмотрите предметы, которые, как сообщалось, были потеряны в нашем сообществе.",Duyệt các mục đã được báo cáo là bị mất trong cộng đồng của chúng tôi.,浏览已报告在我们社区中丢失的项目。
lost_location,الموقع المفقود,Lost Location,Ubicación perdida,Emplacement perdu,Verlorener Ort,مکان از دست رفته,Yawan wuri,खोया हुआ स्थान,Posizione persa,Localização perdida,Потерянное место,Vị trí bị mất,丢失的位置
lost_location_where_lost,أدخل الموقع حيث فقد العنصر,Enter location where item was lost,Ingrese la ubicación donde se perdió el artículo,Entrez l'emplacement où l'article a été perdu,"Geben Sie den Ort ein, an dem der Artikel verloren gegangen war",مکان را وارد کنید که مورد از بین رفته است,Shigar da wuri inda aka rasa abu,स्थान दर्ज करें जहां आइटम खो गया था,Immettere la posizione in cui l'articolo è stato perso,Entre no local onde o item foi perdido,"Введите местоположение, где был потерян предмет",Nhập vị trí mà mặt hàng bị mất,输入丢失物品的位置
lostfound,فقدت,Lostfound,Elfound,Lostfound,Verloren,از دست رفته,Ɓatoki,खोया पाया,Lostfound,Perdido,Затерянный,Lostfound,迷失
main_photo,الصورة الرئيسية,Main Photo,Foto principal,Photo principale,Hauptfoto,عکس اصلی,Babban hoto,मुख्य चित्र,Foto principale,Foto principal,Основное фото,Ảnh chính,主要照片
model,نموذج,Model,Modelo,Modèle,Modell,مدل,Abin ƙwatanci,नमूना,Modello,Modelo,Модель,Người mẫu,模型
new_password,كلمة المرور الجديدة,New Password,Nueva contraseña,Nouveau mot de passe,Neues Passwort,رمزعبور جدید,Sabuwar kalmar sirri,नया पासवर्ड,Nuova password,Nova Senha,Новый пароль,Mật khẩu mới,新密码
next,التالي,Next,Próximo,Suivant,Nächste,طرف دیگر,Daga nan,अगला,Prossimo,Próximo,Следующий,Kế tiếp,下一个
no_items_available,لا توجد عناصر متوفرة في الوقت الحالي.,No items available at the moment.,No hay artículos disponibles en este momento.,Aucun article disponible pour le moment.,Derzeit keine Artikel verfügbar.,در حال حاضر هیچ موردی در دسترس نیست.,Babu abubuwa da ke akwai a yanzu.,फिलहाल कोई आइटम उपलब्ध नहीं है।,Nessun articolo disponibile al momento.,Sem itens disponíveis no momento.,На данный момент нет предметов.,Không có mặt hàng có sẵn tại thời điểm này.,目前没有任何物品。
no_items_found_criteria,لم يتم العثور على عناصر مطابقة معايير البحث الخاصة بك.,No items found matching your search criteria.,No se encontraron elementos que coincidan con sus criterios de búsqueda.,Aucun élément trouvé correspondant à vos critères de recherche.,"Es wurden keine Elemente gefunden, die Ihren Suchkriterien entsprechen.",هیچ موردی با معیارهای جستجوی شما پیدا نشده است.,Babu abubuwan da aka samo suka dace da ka'idojin bincikenka.,कोई भी आइटम आपके खोज मानदंडों से मेल नहीं पाया।,Nessun elemento trovato corrispondente ai criteri di ricerca.,Nenhum itens encontrou correspondendo seus critérios de pesquisa.,"Никаких предметов не найдено, что соответствует вашим критериям поиска.",Không có mục nào được tìm thấy phù hợp với tiêu chí tìm kiếm của bạn.,找不到与您的搜索条件匹配的项目。
old_archives,العناصر المؤرشفة القديمة,Old archived items,Artículos archivados viejos,Anciens articles archivés,Alte archivierte Gegenstände,موارد بایگانی شده قدیمی,Tsoffin kayayyaki,पुराने संग्रहीत आइटम,Vecchi oggetti archiviati,Itens arquivados antigos,Старые архивированные предметы,Các mặt hàng lưu trữ cũ,旧的存档物品
optional,(*خياري),(*optional),(*opcional),(*facultatif),(*optional),(*اختیاری),(* Zabi na),(*वैकल्पिक),(*opzionale),(*opcional),(*необязательный),(*không bắt buộc),（*选修的）
our_community,تساعد النظام الأساسي الذي يعمل بالطاقة المجتمعية على توصيل العناصر المفقودة بأصحابها الشرعيين بسرعة وكفاءة. سواء كنت قد فقدت شيئًا ذا قيمة أو وجدت عنصرًا ، فنحن هنا للمساعدة.,"Our community-powered platform helps connect lost items with their rightful owners quickly and efficiently. Whether you have lost something valuable or found an item, we are here to help.","Nuestra plataforma con alimentación comunitaria ayuda a conectar artículos perdidos con sus legítimos propietarios de manera rápida y eficiente. Ya sea que haya perdido algo valioso o haya encontrado un artículo, estamos aquí para ayudar.","Notre plateforme alimentée par la communauté aide à connecter les éléments perdus avec leurs propriétaires légitimes rapidement et efficacement. Que vous ayez perdu quelque chose de précieux ou que vous trouviez un article, nous sommes là pour vous aider.","Unsere Community-betriebene Plattform hilft, verlorene Gegenstände schnell und effizient mit ihren rechtmäßigen Eigentümern zu verbinden. Egal, ob Sie etwas Wertvolles verloren haben oder einen Gegenstand gefunden haben, wir sind hier, um zu helfen.",پلت فرم با قدرت جامعه ما به اتصال سریع و کارآمد با صاحبان حق خود کمک می کند. این که آیا شما چیز ارزشمندی را از دست داده اید یا یک مورد را پیدا کرده اید ، ما در اینجا برای کمک به شما هستیم.,"Pluskeran wasanmu na gari-da-rancen yana taimakawa haɗawa da abubuwan da suka rasa tare da masu mallakarsu da suka dace. Ko ka rasa wani abu mai mahimmanci ko ya sami abu, muna nan don taimakawa.","हमारा समुदाय-संचालित मंच अपने सही मालिकों के साथ खोई हुई वस्तुओं को जल्दी और कुशलता से जोड़ने में मदद करता है। चाहे आपने कुछ मूल्यवान खो दिया हो या कोई आइटम पाया हो, हम यहां मदद करने के लिए हैं।","La nostra piattaforma alimentata dalla comunità aiuta a connettere gli articoli persi con i loro legittimi proprietari in modo rapido ed efficiente. Sia che tu abbia perso qualcosa di prezioso o trovato un oggetto, siamo qui per aiutarti.","Nossa plataforma movida a comunidade ajuda a conectar itens perdidos com seus legítimos proprietários de maneira rápida e eficiente. Se você perdeu algo valioso ou encontrou um item, estamos aqui para ajudar.","Наша платформа с общественностью помогает быстро и эффективно соединить потерянные предметы со своими законными владельцами. Независимо от того, потеряли ли вы что -то ценное или нашли предмет, мы здесь, чтобы помочь.","Nền tảng hỗ trợ cộng đồng của chúng tôi giúp kết nối các mặt hàng bị mất với chủ sở hữu hợp pháp của họ một cách nhanh chóng và hiệu quả. Cho dù bạn đã mất thứ gì đó có giá trị hoặc tìm thấy một mặt hàng, chúng tôi đang ở đây để giúp đỡ.",我们的社区动力平台有助于快速有效地将丢失的物品与合法所有者联系起来。无论您是丢失了有价值的东西还是找到物品，我们都在这里提供帮助。
pending,قيد الانتظار,Pending,Pendiente,En attente,Ausstehend,درنده,A lokacin,लंबित,In attesa di,Pendente,В ожидании,Chưa giải quyết,待办的
phone,رقم التليفون,Phone number,Número de teléfono,Numéro de téléphone,Telefonnummer,شماره تلفن,Lambar tarho,फ़ोन नंबर,Numero di telefono,Número de telefone,Номер телефона,Số điện thoại,电话号码
post_an_item,نشر عنصر وجدته,Post an item you've found,Publique un artículo que haya encontrado,Publier un article que vous avez trouvé,"Veröffentlichen Sie einen Artikel, den Sie gefunden haben",موردی را که پیدا کرده اید ارسال کنید,Post wani abu da kuka samo,आपके द्वारा मिले किसी आइटम को पोस्ट करें,Pubblica un articolo che hai trovato,Publique um item que você encontrou,"Разместите товар, который вы нашли",Đăng một mục bạn đã tìm thấy,发布您发现的项目
post_item,نشر عنصر,Post an Item,Publicar un artículo,Publier un article,Einen Artikel veröffentlichen,ارسال یک مورد,Sanya wani abu,एक आइटम पोस्ट करें,Pubblica un articolo,Publicar um item,Разместите товар,Đăng một mục,发布一个项目
post_item_description,الإبلاغ عن عنصر ضائع وجدته للمساعدة في لم شمله مع مالكه.,Report a lost item you have found to help reunite it with its owner.,Informe un artículo perdido que ha encontrado para ayudarlo a reunirlo con su propietario.,Signalez un article perdu que vous avez trouvé pour aider à le réunir avec son propriétaire.,"Melden Sie einen verlorenen Artikel, den Sie gefunden haben, um ihn mit seinem Besitzer wieder zu vereinen.",یک مورد گمشده را که پیدا کرده اید برای پیوستن مجدد آن با صاحب آن گزارش دهید.,Yi rahoton abin da aka rasa da kuka samu don taimakawa sake sake ta sake ta sake sanyaya shi da mai shi.,एक खोई हुई वस्तु की रिपोर्ट करें जिसे आपने अपने मालिक के साथ पुनर्मिलन में मदद करने के लिए पाया है।,Segnala un articolo smarrito che hai trovato per aiutarlo a riunirlo con il suo proprietario.,Relate um item perdido que você encontrou para ajudar a reuni -lo com seu proprietário.,"Сообщите о потерянном предмете, который вы нашли, чтобы помочь воссоединить его со своим владельцем.",Báo cáo một mục bị mất bạn đã tìm thấy để giúp tái hợp nó với chủ sở hữu của nó.,报告您发现的丢失的物品，以帮助其与所有者团聚。
previous,سابق,Previous,Anterior,Précédent,Vorherige,قبلی,Na baya,पहले का,Precedente,Anterior,Предыдущий,Trước,以前的
privacy_policies,سياسات الخصوصية,Privacy Policies,Políticas de privacidad,Politiques de confidentialité,Datenschutzrichtlinien,سیاست های حریم خصوصی,Manufofin sirri,गोपनीयता पालिसी,Politiche sulla privacy,Políticas de privacidade,Политики конфиденциальности,Chính sách bảo mật,隐私政策
processing,يعالج...,Processing...,Tratamiento...,Traitement...,Verarbeitung...,پردازش ...,Sarrafa ...,प्रसंस्करण ...,Elaborazione ...,Processamento...,Обработка...,Xử lý...,加工...
provide_detailed_description,تقديم وصف مفصل للعنصر بما في ذلك أي علامات تحديد,Provide detailed description of the item including any identifying marks,"Proporcionar una descripción detallada del artículo, incluidas las marcas de identificación.","Fournir une description détaillée de l'article, y compris toutes les notes d'identification","Geben Sie eine detaillierte Beschreibung des Elements an, einschließlich aller identifizierenden Markierungen",توضیحات مفصلی در مورد این مورد از جمله هرگونه علامت شناسایی ارائه دهید,Bayar da cikakken bayanin abu ciki har da kowane alamun ganowa,किसी भी पहचान के निशान सहित आइटम का विस्तृत विवरण प्रदान करें,Fornire una descrizione dettagliata dell'articolo che include eventuali segni di identificazione,"Forneça descrição detalhada do item, incluindo quaisquer marcas de identificação","Предоставьте подробное описание элемента, включая любые идентификационные оценки",Cung cấp mô tả chi tiết về mặt hàng bao gồm mọi dấu hiệu nhận dạng,提供该项目的详细说明，包括任何识别标记
remember_me,تذكرنى,Remember Me,Acuérdate de mí,Souviens-toi de moi,Erinnere dich an mich,من را به یاد بیاورید,Ka tuna da ni,मुझे याद करो,Ricordati di me,Lembre de mim,Запомнить меня,Nhớ tôi,记住账号
remove,يزيل,Remove,Eliminar,Retirer,Entfernen,برداشتن,Motsa,निकालना,Rimuovere,Remover,Удалять,Di dời,消除
report_found_item,تم العثور على البند,Report Found Item,Informe Artículo encontrado,Rapport trouvé l'article,Bericht gefunden Artikel,گزارش مورد یافت شده,Rahoton ya sami abu,रिपोर्ट मिली वस्तु,Report Trovato articolo,Relatório encontrado item,Отчет найденный товар,Báo cáo tìm thấy mục,报告找到项目
report_lost_item,الإبلاغ عن العنصر (العوامل) المفقودة,Report Lost Item(s),Informar artículos perdidos,Signaler des articles perdus,Melden Sie verlorene Artikel (en),گزارش مورد (های) گمشده,Rahoton batattu (s),खोई हुई वस्तु की रिपोर्ट करें,Rapporto gli articoli smarriti,Relatório itens perdidos (s),Сообщите о потерянных товарах (-ах),Báo cáo (các) mặt hàng bị mất,报告丢失的项目
required,(*مطلوب),(*required),(*requerido),(*requis),(*erforderlich),(*لازم),(* da ake bukata),(*आवश्यक),(*necessario),(*obrigatório),(*необходимый),(*yêu cầu),（*必需的）
reset_filters,إعادة ضبط جميع المرشحات,Reset All filters,Restablecer todos los filtros,Réinitialisez tous les filtres,Alle Filter zurücksetzen,تنظیم مجدد همه فیلترها,Sake saita duk masu tace,सभी फिल्टर रीसेट करें,Ripristina tutti i filtri,Redefinir todos os filtros,Сбросить все фильтры,Đặt lại tất cả các bộ lọc,重置所有过滤器
reuniting,لم شمل العناصر المفقودة مع أصحابها الشرعيين,Reuniting lost items with their rightful owners,Reunir artículos perdidos con sus legítimos propietarios,Réunir des articles perdus avec leurs propriétaires légitimes,Wiedervereinigung verlorene Gegenstände mit ihren rechtmäßigen Besitzern,پیوستن به موارد گمشده با صاحبان حق خود,Sake jera abubuwan da suka rasa da masu mallakarsu masu kyau,अपने सही मालिकों के साथ खोई हुई वस्तुओं का पुनर्मिलन,Riunirsi gli oggetti persi con i loro legittimi proprietari,Reunindo itens perdidos com seus legítimos proprietários,Воссоединение потерянных предметов со своими законными владельцами,Đoàn tụ các mặt hàng bị mất với chủ sở hữu hợp pháp của họ,与合法所有者团聚丢失的物品
save,يحفظ,Save,Ahorrar,Sauvegarder,Speichern,پس انداز کردن,Ceta,बचाना,Salva,Salvar,Сохранять,Cứu,节省
search,يبحث,Search,Buscar,Recherche,Suchen,جستجو,Bincika,खोज,Ricerca,Procurar,Поиск,Tìm kiếm,搜索
search...,,,,,,,,,,,,,
search_filters,مرشحات البحث,Search Filters,Filtros de búsqueda,Rechercher des filtres,Suchfilter,فیلترهای جستجو,Search tace,खोज फ़िल्टर,Filtri di ricerca,Filtros de pesquisa,Поиск фильтров,Bộ lọc tìm kiếm,搜索过滤器
search_input_description,اسم البحث أو الفئة أو الموقع أو الوصف ...,"Search name, category, location, or description...","Nombre de búsqueda, categoría, ubicación o descripción ...","Nom de recherche, catégorie, emplacement ou description ...","Suchname, Kategorie, Ort oder Beschreibung ...",نام جستجو ، دسته ، مکان یا توضیحات ...,"Sunan Neman, Kategory, Wuri, ko Bayani ...","खोज नाम, श्रेणी, स्थान, या विवरण ...","Nome della ricerca, categoria, posizione o descrizione ...","Nome da pesquisa, categoria, localização ou descrição ...","Имя поиска, категория, местоположение или описание ...","Tên tìm kiếm, danh mục, vị trí hoặc mô tả ...",搜索名称，类别，位置或描述...
search_items,عناصر البحث,Search Items,Artículos de búsqueda,Rechercher des éléments,Suchelemente,موارد جستجو,Abubuwan bincike,खोज आइटम,Articoli di ricerca,Itens de pesquisa,Поиск элементов,Các mục tìm kiếm,搜索项目
search_lost_items,البحث عن العناصر المفقودة والعثور عليها,Search Lost & Found Items,Buscar elementos perdidos y encontrados,Rechercher des éléments perdus et trouvés,Suchen Sie Lost & Found Elements,موارد گمشده و یافت شده را جستجو کنید,Bincika batattu & sun samo abubuwa,खोई हुई और मिली वस्तुओं को खोजें,Cerca articoli persi e trovati,Pesquise itens perdidos e encontrados,Поиск потерянных и найденных предметов,Tìm kiếm các mục bị mất và tìm thấy,搜索丢失并找到的物品
searching,البحث,Searching,Búsqueda,Recherche,Suche,جستجو,Neman,खोज,Ricerca,Pesquisando,Идет поиск,Tìm kiếm,搜索
select,يختار,Select,Seleccionar,Sélectionner,Wählen,انتخاب کردن,Zaɓa,चुनना,Selezionare,Selecione,Выбирать,Lựa chọn,选择
select_a_category,حدد فئة,Select a category,Seleccione una categoría,Sélectionnez une catégorie,Wählen Sie eine Kategorie aus,یک دسته را انتخاب کنید,Zaɓi rukuni,एक श्रेणी चुनें,Seleziona una categoria,Selecione uma categoria,Выберите категорию,Chọn một danh mục,选择一个类别
send_message,أرسل لنا رسالة,Send Us a Message,Enviarnos un mensaje,Envoyez-nous un message,Senden Sie uns eine Nachricht,برای ما پیام ارسال کنید,Aika mana sako,हमें एक संदेश भेजें,Inviaci un messaggio,Envie -nos uma mensagem,Отправить нам сообщение,Gửi cho chúng tôi một tin nhắn,向我们发送消息
send_message2,أرسل رسالة,Send Message,Enviar un mensaje,Envoyer un message,Nachricht senden,ارسال پیام,Aika saƙo,मेसेज भेजें,Invia messaggio,Enviar mensagem,Отправить сообщение,Gửi tin nhắn,发送消息
send_message_description,أرسل رسالة ، أو تقديم شكوى أو تقديم اقتراح حول الموقع.,"Send a message, lodge a complain or make a suggestion about the website.","Envíe un mensaje, presente una queja o haga una sugerencia sobre el sitio web.","Envoyez un message, remettez une plainte ou faites une suggestion sur le site Web.","Senden Sie eine Nachricht, klagen Sie einen Beschwerden oder machen Sie einen Vorschlag zur Website.",یک پیام ارسال کنید ، شکایت کنید یا پیشنهادی در مورد وب سایت ارائه دهید.,"Aika saƙo, Lodge wani koara ko yin shawara game da gidan yanar gizon.","एक संदेश भेजें, शिकायत करें या वेबसाइट के बारे में सुझाव दें।","Invia un messaggio, presenta un reclamo o dà un suggerimento sul sito Web.","Envie uma mensagem, apresente uma queixa ou faça uma sugestão sobre o site.","Отправьте сообщение, подайте жалобу или сделайте предложение о веб -сайте.","Gửi tin nhắn, nộp đơn khiếu nại hoặc đưa ra đề xuất về trang web.",发送消息，抱怨或对网站提出建议。
sign_in,تسجيل الدخول,Sign In,Iniciar sesión,Se connecter,Anmelden,ورود به سیستم,Shiga ciki,दाखिल करना,Registrazione,Entrar,Войти,Đăng nhập,登入
sign_up,اشتراك,Sign Up,Inscribirse,S'inscrire,Melden Sie sich an,ثبت نام کردن,Yi rajista,साइन अप करें,Iscrizione,Inscrever-se,Зарегистрироваться,Đăng ký,报名
specify_color_of_item,حدد لون العناصر,Specify color of items,Especificar el color de los elementos,Spécifiez la couleur des articles,Geben Sie die Farbe von Elementen an,رنگ موارد را مشخص کنید,Saka launi na abubuwa,वस्तुओं का रंग निर्दिष्ट करें,Specificare il colore degli articoli,Especifique a cor dos itens,Укажите цвет предметов,Chỉ định màu của các mặt hàng,指定项目的颜色
status,حالة,Status,Estado,Statut,Status,وضعیت,Matsayi,स्थिति,Stato,Status,Статус,Trạng thái,地位
subject,موضوع,Subject,Sujeto,Sujet,Thema,موضوع,Magana,विषय,Soggetto,Assunto,Предмет,Chủ thể,主题
submit_report,إرسال التقرير,Submit Report,Informe de envío,Soumettre le rapport,Bericht einreichen,گزارش ارسال,Submitaddamar da rahoto,रिपोर्ट सबमिट करें,Invia relazione,Enviar relatório,Отправить отчет,Gửi báo cáo,提交报告
supported_image_formats,(*فقط JPG ، JPEG ، PNG ، GIF ، WebP المدعوم),"(*only jpg,jpeg,png,gif,webp supported)","(*Solo JPG, JPEG, PNG, GIF, WebP compatible)","(* Seulement JPG, JPEG, PNG, GIF, WebP pris en charge)","(*Nur JPG, JPEG, PNG, GIF, WebP unterstützt)",(*فقط JPG ، JPEG ، PNG ، GIF ، WebP پشتیبانی شده),"(* JPG kawai, JPEG, PNG, GIF, Webp da aka goyan baya)","(*केवल JPG, JPEG, PNG, GIF, WebP समर्थित)","(*Solo JPG, JPEG, PNG, GIF, WebP supportato)","(*apenas JPG, JPEG, PNG, GIF, WebP suportado)","(*Только JPG, JPEG, PNG, GIF, Webp поддерживает)","(*Chỉ hỗ trợ JPG, JPEG, PNG, GIF, trang web)",（*仅JPG，JPEG，PNG，GIF，WebP支持）
terms_and_conditions,الشروط والأحكام,Terms & conditions,Términos y condiciones,Conditions générales,Allgemeine Geschäftsbedingungen,شرایط و ضوابط,Sharuɗɗa & Yanayi,नियम एवं शर्तें,Termini e condizioni,Termos e Condições,Условия и условия,Điều khoản & Điều kiện,条款和条件
this_will_be_used_as_login,(*سيتم استخدام هذا لتسجيل الدخول),(*this will be used for login),(*Esto se usará para iniciar sesión),(* Ceci sera utilisé pour la connexion),(*Dies wird für die Anmeldung verwendet),(*این برای ورود به سیستم استفاده می شود),(* Ana amfani da wannan don shiga),(*इसका उपयोग लॉगिन के लिए किया जाएगा),(*Questo verrà utilizzato per l'accesso),(*Isso será usado para login),(*Это будет использоваться для входа в систему),(*Điều này sẽ được sử dụng để đăng nhập),（*这将用于登录）
to_claim_item_login_now,للمطالبة: عنصر تحتاج إلى تسجيل الدخول الآن. :item,To claim ::item you need to login now.,"Para reclamar: Artículo, debe iniciar sesión ahora. :item",Pour réclamer: article que vous devez vous connecter maintenant. :item,"Zu behaupten: Artikel, den Sie sich jetzt anmelden müssen. :item",برای ادعا: موردی که اکنون باید وارد شوید. :item,Don da'awar: abu da kuke buƙatar shiga yanzu. :item,दावा करने के लिए: आइटम आपको अभी लॉगिन करने की आवश्यकता है। :item,Per richiedere: articolo che devi accedere ora. :item,Para reivindicar: :item que você precisa fazer login agora.,"Чтобы претендовать: пункт, который вам нужно сейчас войти в систему. :item",Để yêu cầu: Mục bạn cần đăng nhập ngay bây giờ. :item,要求：项目您需要立即登录。 :item
trusted_by,"موثوق به من قبل <span class = ""font-semibold""> 1200+</span> مستخدمين سعداء","Trusted by <span class=""font-semibold"">1,200+</span> happy users","Confianza por <span class = ""font-semibold""> 1,200+</span> usuarios felices","Trust par <span class = ""font-semibold""> 1 200 + </span> utilisateurs heureux","Vertrauen von <span class = ""font-semibold""> 1.200+</span> zufriedene Benutzer","مورد اعتماد <span class = ""font-semibold""> 1200+</span> کاربران خوشحال",Amintacciyar <s,"<Span class = ""font-semibold""> 1,200+</span> हैप्पी यूजर्स द्वारा विश्वसनीय","Affidati di <Span class = ""Font-Semibold""> 1.200+</span> Utenti felici","Confiável por <span class = ""font-semibold""> 1.200+</span> Happy Usuários","Доверенный <span class = ""font-semibold""> 1200+</span> счастливые пользователи","Được tin tưởng bởi <span class = ""font-semibold""> 1,200+</span> người dùng hạnh phúc","由<span class =“ font-semibold”> 1,200+</span>快乐用户"
uncategorized,غير مصنف,Uncategorized,Sin categoría,Non classé,Nicht kategorisiert,طبقه بندی نشده,Ba a tantance ba,अवर्गीकृत,Non categorizzato,Sem categoria,Без рубрики,Chưa được phân loại,未分类
unknown,مجهول,Unknown,Desconocido,Inconnu,Unbekannt,ناشناخته,Wanda ba a sani ba,अज्ञात,Sconosciuto,Desconhecido,Неизвестный,Không xác định,未知
upload_image,تحميل الصورة,Upload Image,Cargar imagen,Télécharger l'image,Bild hochladen,بارگذاری تصویر,Sanya hoto,तस्विर अपलोड करना,Carica immagine,Carregar imagem,Загрузить изображение,Tải lên hình ảnh,上传图像
user_photo,صورة المستخدم,User Photo,Foto de usuario,Photo utilisateur,Benutzerfoto,عکس کاربر,Hoto mai amfani,उपयोगकर्ता फ़ोटो,Foto dell'utente,Foto do usuário,Пользовательский фото,Ảnh người dùng,用户照片
we_love_to_here_from_you,نود مساعدتك في العناصر المفقودة. انتقل إلى إرسال نموذج أو استخدم جهة الاتصال Infos أدناه.,We'd love to help you with your lost items. Go on submit a form or use the contact infos below.,"Nos encantaría ayudarte con tus artículos perdidos. Continúe, envíe un formulario o use los infos de contacto a continuación.",Nous aimerions vous aider avec vos articles perdus. Allez soumettre un formulaire ou utilisez le contact Infos ci-dessous.,Wir würden Ihnen gerne bei Ihren verlorenen Gegenständen helfen. Senden Sie ein Formular ein oder verwenden Sie die folgenden Kontakt -Infos.,ما دوست داریم در مورد موارد گمشده خود به شما کمک کنیم. به صورت فرم ارسال کنید یا از INFOS مخاطب در زیر استفاده کنید.,Muna son taimaka maka da abubuwan da kuka rasa. Ku ci gaba da ƙaddamar da tsari ko amfani da bayanan lamba da ke ƙasa.,हम आपकी खोई हुई वस्तुओं के साथ आपकी मदद करना पसंद करेंगे। एक फॉर्म सबमिट करें या नीचे दिए गए संपर्क इन्फोस का उपयोग करें।,Ci piacerebbe aiutarti con i tuoi oggetti smarriti. Vai su Invia un modulo o usa le informazioni di contatto di seguito.,Adoraríamos ajudá -lo com seus itens perdidos. Continue envie um formulário ou use o contato Infos abaixo.,"Мы хотели бы помочь вам с вашими потерянными предметами. Перейдите, отправьте форму или используйте контакт Infos ниже.",Chúng tôi muốn giúp bạn với các mặt hàng bị mất của bạn. Đi vào gửi một biểu mẫu hoặc sử dụng thông tin liên hệ bên dưới.,我们很想帮助您丢失的物品。继续提交表格或使用下面的联系信息。
where_was_the_item_found,أين تم العثور على العنصر؟,Where was the item found?,¿Dónde se encontró el artículo?,Où l'article a-t-il été trouvé?,Wo wurde der Artikel gefunden?,مورد کجا یافت شد؟,A ina aka samo kayan?,आइटम कहाँ पाया गया था?,Dove è stato trovato l'oggetto?,Onde o item foi encontrado?,Где был найден предмет?,Vật phẩm được tìm thấy ở đâu?,该物品在哪里？
write_your_message_here,اكتب رسالتك هنا ...,Write your message here...,Escribe tu mensaje aquí ...,Écrivez votre message ici ...,Schreiben Sie Ihre Nachricht hier ...,پیام خود را اینجا بنویسید ...,Rubuta sakonka anan ...,यहां अपना संदेश लिखें...,Scrivi il tuo messaggio qui ...,Escreva sua mensagem aqui ...,Напишите свое сообщение здесь ...,Viết tin nhắn của bạn ở đây ...,在这里写你的消息...
your_message,رسالتك,Your Message,Tu mensaje,Votre message,Ihre Nachricht,پیام شما,Sakon ku,आपका संदेश,Il tuo messaggio,Sua mensagem,Ваше сообщение,Tin nhắn của bạn,您的留言
your_name,اسمك,Your Name,Su nombre,Votre nom,Ihr Name,نام شما,Sunanka,आपका नाम,Il tuo nome,Seu nome,Ваше имя,Tên của bạn,你的名字
